"Index","Model","Delta_g"
1,"deepseek-ai/deepseek-moe-16b-base",0.000109999999999999
2,"deepseek-ai/deepseek-llm-67b-base",-0.000130000000000019
3,"deepseek-ai/deepseek-coder-6.7b-instruct",0.000410000000000021
4,"deepseek-ai/deepseek-coder-7b-instruct-v1.5",0.000400000000000011
5,"viethq188/Rabbit-7B-v2-DPO-Chat",-8.9999999999979e-05
6,"abhishekchohan/mistral-7B-forest-merge-v0.1",-2.000000000002e-05
7,"qblocks/gpt2_137m_DolphinCoder",-0.00107000000000002
8,"ArianAskari/SOLID-SFT-DPO-MixQV2-SOLIDChosen-SFTRejected-Zephyr-7b-beta",0.000109999999999999
9,"ArianAskari/SOLID-SFT-WoDPO-MixQV2-Zephyr-7b-beta",0.000109999999999999
10,"Open-Orca/OpenOrcaxOpenChat-Preview2-13B",2.000000000002e-05
11,"HenryJJ/dolphin-2.6-mistral-7b-dpo-orca-v1",-2.000000000002e-05
12,"HenryJJ/Instruct_Mistral-7B-v0.1_Dolly15K",-7.00000000000145e-05
13,"HenryJJ/Instruct_Yi-6B_Dolly_CodeAlpaca",0.000230000000000008
14,"Monero/WizardLM-13b-OpenAssistant-Uncensored",0.000350000000000017
15,"Monero/WizardLM-Uncensored-SuperCOT-StoryTelling-30b",0.000269999999999992
16,"Monero/Manticore-13b-Chat-Pyg-Guanaco",0.000180000000000013
17,"Monero/WizardLM-30B-Uncensored-Guanaco-SuperCOT-30b",0.000290000000000012
18,"facebook/xglm-7.5B",0.000350000000000017
19,"facebook/xglm-4.5B",0.000269999999999992
20,"facebook/xglm-1.7B",-0.000249999999999972
21,"facebook/xglm-564M",-0.000829999999999997
22,"ehartford/WizardLM-33B-V1.0-Uncensored",1.000000000001e-05
23,"ehartford/Samantha-1.11-CodeLlama-34b",0.000300000000000022
24,"ehartford/Wizard-Vicuna-13B-Uncensored",8.00000000000245e-05
25,"ehartford/samantha-1.2-mistral-7b",-6.00000000000045e-05
26,"ehartford/Samantha-1.11-13b",-2.000000000002e-05
27,"lu-vae/llama2-13B-sharegpt4-orca-openplatypus-8w",-2.000000000002e-05
28,"CHIH-HUNG/llama-2-13b-huangyt_FINETUNE2_3w",0
29,"CHIH-HUNG/llama-2-13b-Open_Platypus_and_ccp_2.6w-3_epoch",1.000000000001e-05
30,"CHIH-HUNG/llama-2-13b-FINETUNE5_4w-r4-gate_up_down",1.000000000001e-05
31,"CHIH-HUNG/llama-2-13b-huangyt_Fintune_1_17w-gate_up_down_proj",0
32,"caisarl76/Mistral-7B-guanaco1k-ep2",-2.000000000002e-05
33,"caisarl76/Mistral-7B-OpenOrca-Guanaco-accu16",2.000000000002e-05
34,"camel-ai/CAMEL-13B-Role-Playing-Data",0.000140000000000029
35,"Kquant03/CognitiveFusion-4x7B-bf16-MoE",-7.9999999999969e-05
36,"Kquant03/NeuralTrix-7B-dpo-relaser",-6.00000000000045e-05
37,"Kquant03/Raiden-16x3.43B",0.000410000000000021
38,"Abe13/juniper-certificate-Llama-2-7b-chat-hf",-0.000199999999999978
39,"souvik0306/falcon_7b_3epoch_norobots",0.000250000000000028
40,"GeorgiaTechResearchInstitute/starcoder-gpteacher-code-instruct",2.000000000002e-05
41,"TigerResearch/tigerbot-7b-sft",0.000390000000000001
42,"luffycodes/vicuna-class-shishya-all-hal-7b-ep3",0.000280000000000002
43,"luffycodes/nash-vicuna-13b-v1dot5-ep2-w-rag-w-simple",0.000120000000000009
44,"luffycodes/vicuna-mmlu-val-only-correct-mcq-7b-ep2",0.000240000000000018
45,"luffycodes/vicuna-class-tutor-13b-ep3",9.9999999999989e-05
46,"ToolBench/ToolLLaMA-7b-LoRA",0.000130000000000019
47,"TaylorAI/FLAN-Llama-7B-2_Llama2-7B-Flash_868_full_model",0.000130000000000019
48,"EleutherAI/gpt-neo-1.3B",-0.000139999999999973
49,"EleutherAI/pythia-2.7b",0.000310000000000032
50,"EleutherAI/gpt-neo-2.7B",0.000200000000000033
51,"EleutherAI/pythia-6.7b",0.000369999999999981
52,"EleutherAI/pythia-1b-deduped",-7.9999999999969e-05
53,"EleutherAI/polyglot-ko-12.8b",7.00000000000145e-05
54,"EleutherAI/gpt-neo-125m",-0.00109999999999999
55,"Yhyu13/oasst-rlhf-2-llama-30b-7k-steps-hf",0
56,"pythainlp/wangchanglm-7.5B-sft-en-sharded",0.000319999999999987
57,"senseable/moe-x33",-0.000439999999999996
58,"jb723/llama2-ko-7B-model",0.000209999999999988
59,"Aspik101/llama-30b-2048-instruct-PL-lora_unload",-2.99999999999745e-05
60,"Aspik101/Llama-2-7b-hf-instruct-pl-lora_unload",0.000140000000000029
61,"Aspik101/WizardVicuna-Uncensored-3B-instruct-PL-lora_unload",0.000400000000000011
62,"Aspik101/Nous-Hermes-13b-pl-lora_unload",8.00000000000245e-05
63,"intervitens/internlm2-base-20b-llama",1.000000000001e-05
64,"dfurman/falcon-40b-openassistant-peft",-4.99999999999945e-05
65,"health360/Healix-410M",-0.000859999999999972
66,"health360/Healix-1.1B-V1-Chat-dDPO",-0.000290000000000012
67,"macadeliccc/laser-dolphin-mixtral-4x7b-dpo",-7.9999999999969e-05
68,"gagan3012/MetaModel_moe_multilingualv1",0
69,"fionazhang/fine-tune-mistral-environment-merge",-9.9999999999989e-05
70,"adamo1139/Yi-6B-200K-AEZAKMI-v2-rawrr1-DPO",0.000259999999999982
71,"adamo1139/LWM-7B-1M-1000000ctx-AEZAKMI-3_1-1702",0.000230000000000008
72,"adamo1139/Yi-34B-200K-AEZAKMI-RAW-1701",-7.00000000000145e-05
73,"jordiclive/gpt4all-alpaca-oa-codealpaca-lora-13b",6.00000000000045e-05
74,"SummerSigh/GPTNeo350M-Instruct-SFT",-0.000450000000000006
75,"S4sch/zephyr-neural-chat-frankenmerge11b",6.00000000000045e-05
76,"elyza/ELYZA-japanese-Llama-2-13b-instruct",8.9999999999979e-05
77,"elyza/ELYZA-japanese-Llama-2-7b-fast-instruct",0.000250000000000028
78,"WangZeJun/bloom-820m-chat",-0.000539999999999985
79,"rizla/trrapi-16b",-2.99999999999745e-05
80,"rizla/rizla54",0.000190000000000023
81,"rizla/rizla55b",0.000130000000000019
82,"wang7776/vicuna-7b-v1.3-sparsity-10",0.000259999999999982
83,"NekoPunchBBB/Llama-2-13b-hf_Open-Platypus-QLoRA-multigpu",-1.000000000001e-05
84,"harborwater/open-llama-3b-v2-wizard-evol-instuct-v2-196k",0.000340000000000007
85,"pillowtalks-ai/delta13b",0.000200000000000033
86,"Isotonic/smol_llama-4x220M-MoE",-0.00103999999999999
87,"chargoddard/llama-2-16b-nastychat",0.000149999999999983
88,"chargoddard/SmolLlamix-8x101M",-0.00111
89,"chargoddard/duplicitous-slurpbeast-13b",3.99999999999845e-05
90,"chargoddard/internlm2-base-7b-llama",0.000170000000000003
91,"chargoddard/ypotryll-22b-epoch2-qlora",7.00000000000145e-05
92,"brucethemoose/CaPlatTessDolXaBoros-Yi-34B-200K-DARE-Ties-ExtremeDensity",-8.9999999999979e-05
93,"brucethemoose/Yi-34B-200K-DARE-merge-v5",-9.9999999999989e-05
94,"sia-ai/llama-2-7b-1-percent-open-orca-1000-steps-v0",0.000140000000000029
95,"Eric111/Snorkel-Mistral-PairRM-DPO-openchat-3.5-0106-laser",-0.000120000000000009
96,"0x7194633/fialka-13B-v4",-0.000139999999999973
97,"togethercomputer/RedPajama-INCITE-Chat-7B-v0.1",0.000570000000000015
98,"togethercomputer/GPT-NeoXT-Chat-Base-20B",0.000329999999999997
99,"togethercomputer/RedPajama-INCITE-Instruct-3B-v1",0.000390000000000001
100,"silvercoder45/Mistral-7b-instruct-v0.2-summ-dpo-e3",-7.00000000000145e-05
101,"Josephgflowers/160M-TinyLLama-Mini-Cinder",-0.000960000000000016
102,"Josephgflowers/Tinyllama-1.3B-Cinder-Reason-Test",0.000209999999999988
103,"Josephgflowers/Cinder-Phi-2-STEM-2.94B-Test",0.000400000000000011
104,"Josephgflowers/TinyLlama-748M-Reason-With-Cinder-Test-2",-0.000719999999999998
105,"Josephgflowers/distillgpt2Cinder",-0.00107000000000002
106,"Josephgflowers/Cinder-Phi-2-V1-F16-gguf",0.000340000000000007
107,"Josephgflowers/Cinder-1.3B-Test",0.000269999999999992
108,"Josephgflowers/tinyllama-730M-test",-0.000749999999999973
109,"Fredithefish/RedPajama-INCITE-Chat-3B-Instruction-Tuning-with-GPT-4",0.000390000000000001
110,"Fredithefish/Guanaco-3B-Uncensored-v2",0.000410000000000021
111,"dball/zephyr-tiny-sft-qlora-quantized-2",0.000280000000000002
112,"kimwooglae/AISquare-Instruct-SOLAR-10.7b-v0.5.31",-7.00000000000145e-05
113,"Mikivis/gpt2-large-lora-sft1",-0.000379999999999991
114,"tyson0420/stack_codellama-7b-inst",0.000439999999999996
115,"abhinand/TinyLlama-1.1B-OpenHermes-2.5-Chat-v0.1-sft",0.000300000000000022
116,"abhinand/telugu-llama-7b-instruct-v0.1",0.000589999999999979
117,"abhinand/gemma-2b-it-tamil-v0.1-alpha",0.000390000000000001
118,"abhinand/tamil-llama-13b-instruct-v0.1",0.000159999999999993
119,"kevin009/flyingllama",-0.000689999999999968
120,"beomi/KoAlpaca-Polyglot-5.8B",-0.000429999999999986
121,"beomi/KoAlpaca-KoRWKV-6B",-0.000659999999999994
122,"beomi/Yi-Ko-6B",0.000259999999999982
123,"beomi/llama-2-ko-7b",0.000280000000000002
124,"amazingvince/where-llambo-7b",-6.00000000000045e-05
125,"jsfs11/SnorkelWestBeagle-DARETIES-7B",-0.000130000000000019
126,"dddsaty/SOLAR_Merge_Adapter_DPO_Orca",-7.00000000000145e-05
127,"TheBloke/Llama-2-7B-GPTQ",0.000180000000000013
128,"TheBloke/Airoboros-L2-13B-2.1-GPTQ",6.00000000000045e-05
129,"TheBloke/Wizard-Vicuna-7B-Uncensored-HF",0.000219999999999998
130,"TheBloke/VicUnlocked-alpaca-65B-QLoRA-fp16",-7.9999999999969e-05
131,"TheBloke/Wizard-Vicuna-30B-Uncensored-fp16",2.000000000002e-05
132,"TheBloke/WizardLM-13B-V1-1-SuperHOT-8K-GPTQ",0.000209999999999988
133,"TheBloke/gpt4-alpaca-lora_mlp-65B-HF",-7.9999999999969e-05
134,"TheBloke/Guanaco-3B-Uncensored-v2-GPTQ",0.000410000000000021
135,"TheBloke/Llama-2-7b-Chat-AWQ",-0.000209999999999988
136,"TheBloke/Orca-2-13B-GPTQ",0.000230000000000008
137,"TheBloke/Poro-34B-GPTQ",0.000310000000000032
138,"TheBloke/Project-Baize-v2-7B-GPTQ",0.000360000000000027
139,"TheBloke/neural-chat-7B-v3-2-GPTQ",-4.99999999999945e-05
140,"TheBloke/fiction.live-Kimiko-V2-70B-fp16",-0.000120000000000009
141,"TheBloke/WizardLM-13B-V1-1-SuperHOT-8K-fp16",0.000170000000000003
142,"TheBloke/Mixtral-8x7B-v0.1-GPTQ",-7.9999999999969e-05
143,"TheBloke/OpenAssistant-SFT-7-Llama-30B-HF",2.000000000002e-05
144,"Salesforce/codegen-16B-nl",0.000340000000000007
145,"shibing624/chinese-alpaca-plus-7b-hf",0.000439999999999996
146,"AIGym/deepseek-coder-1.3b-chat-and-function-calling",-0.000560000000000005
147,"AIGym/deepseek-coder-6.7b-chat-and-function-calling",0.000259999999999982
148,"AIGym/deepseek-coder-1.3b-chat",-0.000539999999999985
149,"Sharathhebbar24/ssh_1.8B",0.000539999999999985
150,"OpenBuddy/openbuddy-mixtral-8x7b-v16.2-32k",0.000170000000000003
151,"OpenBuddy/openbuddy-deepseek-67b-v15.2",-0.000130000000000019
152,"OpenBuddy/openbuddy-atom-13b-v9-bf16",0.000269999999999992
153,"OpenBuddy/openbuddy-deepseek-10b-v17.1-4k",0.000219999999999998
154,"OpenBuddy/openbuddy-deepseekcoder-33b-v16.1-32k",0.000549999999999995
155,"OpenBuddy/openbuddy-falcon-40b-v16.1-4k",-2.99999999999745e-05
156,"OpenBuddy/openbuddy-falcon-180b-v13-preview0",-6.00000000000045e-05
157,"OpenBuddy/openbuddy-mistral-7b-v17.1-32k",0.000159999999999993
158,"kodonho/Solar-M-SakuraSolar-Mixed",0.000709999999999988
159,"gmonsoon/MaxiCPM-3x3B-Test",0.000420000000000031
160,"gmonsoon/TinyUltra-4x1.1B-Base-Alpha",0.000350000000000017
161,"Inv/MoECPM-Untrained-4x2b",0.000390000000000001
162,"robinsmits/Mistral-Instruct-7B-v0.2-ChatAlpacaV2-4bit",-6.00000000000045e-05
163,"beberik/TinyExperts-v0-4x1B",0.000140000000000029
164,"NovoCode/Tiger-7B-v0.1-LaserRMT-Math-5-10-15-Neural-DPO",-1.000000000001e-05
165,"NickyNicky/Mistral-7B-OpenOrca-oasst_top1_2023-08-25-v3",-3.99999999999845e-05
166,"migtissera/Tess-10.7B-v1.5",-8.9999999999979e-05
167,"abhiramtirumala/DialoGPT-sarcastic-medium",-0.000549999999999995
168,"DanielSc4/RedPajama-INCITE-Chat-3B-v1-RL-LoRA-8bit-test1",0.000400000000000011
169,"abacusai/Fewshot-Metamath-OrcaVicuna-Mistral-10B",0.000149999999999983
170,"abacusai/MM-Orc-Vic-bagel-34b-c1000",-7.00000000000145e-05
171,"abacusai/Fewshot-Metamath-OrcaVicuna-Mistral",-2.000000000002e-05
172,"Undi95/MLewd-ReMM-L2-Chat-20B-Inverted",4.99999999999945e-05
173,"Undi95/Mixtral-8x7B-MoE-RP-Story",0.000470000000000026
174,"Undi95/Llama2-13B-no_robots-alpaca-lora",8.9999999999979e-05
175,"Tincando/fiction_story_generator",-0.001
176,"wahaha1987/llama_13b_sharegpt94k_fastchat",0.000180000000000013
177,"PY007/TinyLlama-1.1B-intermediate-step-480k-1T",8.00000000000245e-05
178,"tokyotech-llm/Swallow-70b-instruct-hf",-7.9999999999969e-05
179,"HIT-SCIR/Chinese-Mixtral-8x7B",-0.000109999999999999
180,"dhmeltzer/Llama-2-7b-hf-eli5-cleaned-1024_qlora_merged",0.000149999999999983
181,"dhmeltzer/llama-7b-SFT-qlora-eli5-wiki_DPO_ds_RM_top_2_1024_r_64_alpha_16",0.000140000000000029
182,"dhmeltzer/Llama-2-13b-hf-ds_wiki_1024_full_r_64_alpha_16",0
183,"dhmeltzer/llama-7b-SFT_ds_eli5_1024_r_64_alpha_16_merged",0.000180000000000013
184,"dhmeltzer/Llama-2-13b-hf-ds_eli5_1024_r_64_alpha_16",-1.000000000001e-05
185,"PulsarAI/MetaMath-Chupacabra-7B-v2.01-Slerp",-0.000170000000000003
186,"PulsarAI/MetaMath-OpenHermes-2.5-neural-chat-v3-3-Slerp",-0.000149999999999983
187,"PulsarAI/2x-LoRA-Assemble-Platypus2-13B",0.000109999999999999
188,"kaitchup/Maixtchup-4x7b-QLoRA-SFT-UltraChat",-6.00000000000045e-05
189,"davzoku/frankencria-llama2-11b-v1.3-m.1",0.000259999999999982
190,"davzoku/frankencria-llama2-12.5b-v1.3-m.2",0.000319999999999987
191,"Rallio67/3B-redpajama-conditional-alpha",0.000360000000000027
192,"Rallio67/7B-redpajama-conditional-alpha",0.000400000000000011
193,"liminerity/phigment6-slerp",0.000259999999999982
194,"liuda1/dm7b_sft_gpt88w_merge",-6.00000000000045e-05
195,"hfl/chinese-mixtral-instruct",-9.9999999999989e-05
196,"concedo/Pythia-70M-ChatSalad",-0.000900000000000012
197,"OpenBuddyEA/openbuddy-llama-30b-v7.1-bf16",3.000000000003e-05
198,"csujeong/Gemma-7B-Finetuning-JCS-Ko-Ins",-3.99999999999845e-05
199,"gardner/TinyLlama-1.1B-SlimOrca-Function-Calling-3T",0.000340000000000007
200,"pe-nlp/llama-2-13b-platypus-vicuna-wizard",3.99999999999845e-05
201,"Radiantloom/radiantloom-mixtral-8x7b-fusion-dpo",1.000000000001e-05
202,"BreadAi/PM_modelV2",-0.000719999999999998
203,"BreadAi/gpt-YA-1-1_160M",-0.000639999999999974
204,"BreadAi/gpt-YA-1-1_70M",-0.000740000000000018
205,"BreadAi/gpt-Youtube",-0.000670000000000004
206,"CorticalStack/mistral-7b-openhermes-sft",-2.99999999999745e-05
207,"Gille/StrangeMerges_13-7B-slerp",-0.000170000000000003
208,"andreaskoepf/llama2-13b-megacode2_min100",3.000000000003e-05
209,"dvruette/oasst-gpt-neox-20b-3000-steps",0.000379999999999991
210,"dvruette/oasst-pythia-12b-pretrained-sft",0.000410000000000021
211,"dvruette/oasst-pythia-6.9b-4000-steps",0.000439999999999996
212,"M4-ai/TinyMistral-6x248M-Instruct",-0.001
213,"M4-ai/NeuralReyna-Mini-1.8B-v0.2",0.000460000000000016
214,"indischepartij/MiniCPM-3B-Bacchus",0.000450000000000006
215,"indischepartij/OpenMia-Indo-Mistral-7b-v2",-7.9999999999969e-05
216,"Phind/Phind-CodeLlama-34B-Python-v1",-0.000170000000000003
217,"abhishek/llama2guanacotest",0.000190000000000023
218,"elinas/chronos-33b",1.000000000001e-05
219,"elinas/chronos-70b-v2",-7.9999999999969e-05
220,"Aryanne/sheared-plus-westlake-normal",0.000429999999999986
221,"Aryanne/ereb-test",0.000420000000000031
222,"FelixChao/NarutoDolphin-7B",-3.99999999999845e-05
223,"karakuri-ai/karakuri-lm-70b-chat-v0.1",3.99999999999845e-05
224,"ogimgio/gpt-neo-125m-neurallinguisticpioneers",-0.00108999999999998
225,"vicgalle/solarized-18B-dpo",-2.000000000002e-05
226,"vicgalle/OpenHermes-Qwen1.5-1.8B",0.000460000000000016
227,"vicgalle/solarized-13B-dpo",0.000149999999999983
228,"vicgalle/SOLAR-13B-Instruct-v1.0",0.000290000000000012
229,"ignos/LeoScorpius-GreenNode-Platypus-7B-v1",-0.000170000000000003
230,"acrastt/Puma-3B",0.000369999999999981
231,"acrastt/RedPajama-INCITE-Chat-Instruct-3B-V1",0.000390000000000001
232,"Zangs3011/mistral_7b_2EPOCH_DolphinCoder",0.000209999999999988
233,"gradientai/v-alpha-tross",-0.000159999999999993
234,"Delcos/Starling-LM-11B-alpha",0
235,"eren23/DistiLabelOrca-TinyLLama-1.1B",0.000329999999999997
236,"eren23/finetune_test_qwen15-1-8b-sft-lora",0.000390000000000001
237,"mncai/agiin-11.1B-v0.0",2.000000000002e-05
238,"mncai/agiin-13.6B-v0.0",-7.00000000000145e-05
239,"bn22/Nous-Hermes-2-SOLAR-10.7B-MISALIGNED",-0.000130000000000019
240,"bn22/tinyllama_frankenmerge",2.000000000002e-05
241,"wannaphong/han-llm-7b-v1",0
242,"stanford-oval/Llama-2-7b-WikiChat-fused",0.000360000000000027
243,"Vmware/open-llama-7b-v2-open-instruct",0.00053000000000003
244,"EmbeddedLLM/Mistral-7B-Merge-14-v0.3-ft-step-15936",0
245,"L-R/LLmRa-1.3B_V2",8.00000000000245e-05
246,"L-R/LLmRa-1.3B",0.000269999999999992
247,"Brillibits/Instruct_Mixtral-8x7B-v0.1_Dolly15K",-0.000139999999999973
248,"BAAI/Aquila2-34B",0.000180000000000013
249,"lgaalves/gpt2_camel_physics-platypus",-0.00106000000000001
250,"lgaalves/gpt2-xl_lima",1.000000000001e-05
251,"lgaalves/tinyllama-1.1b-chat-v0.3_platypus",0.000200000000000033
252,"lgaalves/llama-2-13b-hf-platypus",1.000000000001e-05
253,"NeverSleep/Mistral-11B-SynthIAirOmniMix",3.99999999999845e-05
254,"nisten/shqiponja-59b-v1",8.00000000000245e-05
255,"nisten/BigCodeLlama-92b",0.000190000000000023
256,"KnutJaegersberg/internlm-20b-llama",1.000000000001e-05
257,"KnutJaegersberg/Deita-4b",0.000420000000000031
258,"KnutJaegersberg/Qwen-14B-Llamafied",0.000180000000000013
259,"KnutJaegersberg/Deacon-20B",8.00000000000245e-05
260,"KnutJaegersberg/megatron-GPT-2-345m-EvolInstruct",-0.000719999999999998
261,"KnutJaegersberg/RWKV-4-PilePlus-169M-20230520-done-ctx4096",-0.000939999999999996
262,"KnutJaegersberg/Deacon-34b-qlora-adapter",-7.9999999999969e-05
263,"KnutJaegersberg/Galpaca-30b-MiniOrca",0.000319999999999987
264,"KnutJaegersberg/RWKV-4-PilePlus-430M-20230520-6162-1018Gtokens-ctx4098",-0.000539999999999985
265,"KnutJaegersberg/Deita-1_8B",0.000460000000000016
266,"dsvv-cair/alpaca-cleaned-llama-30b-bf16",0.000109999999999999
267,"jslin09/bloom-560m-finetuned-fraud",2.000000000002e-05
268,"lodrick-the-lafted/Kaiju-A-57B",0.000209999999999988
269,"lodrick-the-lafted/Winged-Lagomorph-2x13B",0.000429999999999986
270,"lodrick-the-lafted/Grafted-Llama2-2x70B",-0.000170000000000003
271,"lodrick-the-lafted/Grafted-Hermetic-Platypus-B-2x7B",-6.00000000000045e-05
272,"osanseviero/mistral-instruct-moe-experimental",4.99999999999945e-05
273,"osanseviero/mistral-instruct-frankenmerge",0.000149999999999983
274,"MayaPH/FinOPT-Lincoln",-0.000450000000000006
275,"sr5434/CodegebraGPT-10b",-3.99999999999845e-05
276,"teilomillet/MiniMerlin-3B",0.000470000000000026
277,"mediocredev/open-llama-3b-v2-instruct",0.000390000000000001
278,"h2oai/h2ogpt-gm-oasst1-en-2048-open-llama-7b-preview-300bt-v2",0.000450000000000006
279,"h2oai/h2ogpt-oasst1-512-12b",0.000369999999999981
280,"h2oai/h2o-danube-1.8b-sft",0.000420000000000031
281,"h2oai/h2ogpt-gm-oasst1-en-1024-20b",0.000369999999999981
282,"h2oai/h2ogpt-oig-oasst1-256-6_9b",0.000379999999999991
283,"nnheui/pythia-410m-sft-full",-0.000570000000000015
284,"bn999/mistral-4.2B",0.000410000000000021
285,"saberai/Zro1.5_3B",0.000420000000000031
286,"pansophic/rocket-3B",0.000329999999999997
287,"LoupGarou/WizardCoder-Guanaco-15B-V1.1",-0.000109999999999999
288,"TeeZee/2xbagel-dpo-34b-v0.2",0.000300000000000022
289,"TeeZee/DarkForest-20B-v1.2",1.000000000001e-05
290,"TeeZee/Xwin-LM-70B-V0.1_Jannie",-0.000109999999999999
291,"Corianas/111m",-0.00118000000000001
292,"Corianas/Quokka_1.3b",-0.000699999999999978
293,"Corianas/Quokka_590m",-0.000989999999999991
294,"Corianas/Quokka_2.7b",-0.000149999999999983
295,"ConvexAI/Pelican-9b-v0.1",0.000840000000000007
296,"xDAN-AI/xDAN-L1Mix-DeepThinking-v2",4.99999999999945e-05
297,"Locutusque/hyperion-medium-preview",-0.000120000000000009
298,"Locutusque/TinyMistral-248M-v2.5",-0.000869999999999982
299,"Locutusque/UltraQwen-7B",0.000180000000000013
300,"Locutusque/LocutusqueXFelladrin-TinyMistral248M-Instruct",-0.000979999999999981
301,"mwitiderrick/open_llama_3b_glaive_assistant_v0.1",0.000390000000000001
302,"mwitiderrick/shearedplats-2.7b-v2-instruct-v0.1",0.000400000000000011
303,"duoqi/Nanbeige-16B-Base-Llama",9.9999999999989e-05
304,"Devio/test-3b",-0.000269999999999992
305,"Devio/test-22B",0.000460000000000016
306,"qnguyen3/quan-1.8b-base",0.000390000000000001
307,"malhajar/Mistral-7B-v0.2-meditron-turkish",8.00000000000245e-05
308,"Steelskull/VerA-Etheria-55b",0.000219999999999998
309,"Steelskull/Umbra-MoE-4x10.7",-0.000120000000000009
310,"Qwen/Qwen2-beta-72B",-4.99999999999945e-05
311,"Qwen/Qwen1.5-7B-Chat",0.000300000000000022
312,"Qwen/Qwen2-beta-14B",9.9999999999989e-05
313,"Qwen/Qwen1.5-0.5B",6.00000000000045e-05
314,"msy127/mnsim-dpo-peftmerged-2-eos",0.000159999999999993
315,"psyche/kogpt",-0.000890000000000002
316,"OpenAssistant/pythia-12b-sft-v8-2.5k-steps",0.000400000000000011
317,"OpenAssistant/stablelm-7b-sft-v7-epoch-3",0.000269999999999992
318,"SuperAGI/SAM",-2.000000000002e-05
319,"stabilityai/StableBeluga-7B",0.000109999999999999
320,"stabilityai/japanese-stablelm-instruct-gamma-7b",0.000159999999999993
321,"stabilityai/stablelm-2-zephyr-1_6b",0.00048999999999999
322,"stabilityai/stablelm-base-alpha-7b",3.99999999999845e-05
323,"alchemonaut/QuartetAnemoi-70B-t0.0001",-0.000139999999999973
324,"openaccess-ai-collective/manticore-30b-chat-pyg-alpha",-3.99999999999845e-05
325,"Weyaxi/Qwen-72B-Llama",0.000120000000000009
326,"Weyaxi/TekniumAiroboros-Nebula-7B",0.000130000000000019
327,"Weyaxi/Helion-4x34B",-0.000109999999999999
328,"Weyaxi/HelpSteer-filtered-Solar-Instruct",-4.99999999999945e-05
329,"Weyaxi/Luban-Marcoroni-13B-v2",3.000000000003e-05
330,"Weyaxi/OpenHermes-2.5-neural-chat-v3-3-openchat-3.5-1210-Slerp",-0.000139999999999973
331,"Weyaxi/a",0
332,"nkpz/llama2-22b-daydreamer-v3",0.000130000000000019
333,"Enno-Ai/ennodata-raw-pankajmathur-13b-peft",8.00000000000245e-05
334,"Enno-Ai/vigogne2-enno-13b-sft-lora-4bit",4.99999999999945e-05
335,"shitshow123/TinyLlama-1.1B-ChatStrong-DPO-PPO",-0.000280000000000002
336,"rinna/bilingual-gpt-neox-4b-instruction-sft",6.00000000000045e-05
337,"shareAI/CodeLLaMA-chat-13b-Chinese",0.000439999999999996
338,"psmathur/model_51",-0.000109999999999999
339,"psmathur/orca_mini_3b",5e-04
340,"pszemraj/pythia-31m-simplepile-lite-2048-scratch-2e",-0.000909999999999966
341,"kwchoi/DPO_mistral_v01_7b_ultra_0130_1k",0.000190000000000023
342,"one-man-army/una-neural-chat-v3-3-P2-OMA",-8.9999999999979e-05
343,"jondurbin/airoboros-7b-gpt4-1.4.1-qlora",0.000240000000000018
344,"jondurbin/airoboros-13b-gpt4-1.4-fp16",4.99999999999945e-05
345,"jondurbin/airoboros-65b-gpt4-1.4-peft",-4.99999999999945e-05
346,"codemateai/CodeMate-v0.1",0.000190000000000023
347,"LeoLM/leo-hessianai-7b-chat-bilingual",0.000329999999999997
348,"ise-uiuc/Magicoder-S-DS-6.7B",0.000350000000000017
349,"PocketDoc/Dans-PileOfSets-Mk1-llama-13b-merged",3.99999999999845e-05
350,"PocketDoc/Dans-AdventurousWinds-7b",-3.99999999999845e-05
351,"PocketDoc/Dans-CreepingSenseOfDoom",0.000170000000000003
352,"PocketDoc/Dans-PersonalityEngine-30b",-7.00000000000145e-05
353,"postbot/emailgen-pythia-410m-deduped",-0.000379999999999991
354,"postbot/distilgpt2-emailgen",-0.00113999999999997
355,"postbot/gpt-neo-1.3B-emailgen",-7.00000000000145e-05
356,"postbot/gpt2-medium-emailgen",-0.000749999999999973
357,"v1olet/v1olet_marcoroni-go-bruins-7B",-8.9999999999979e-05
358,"The-Face-Of-Goonery/HuginnV5.5-12.6B",-6.00000000000045e-05
359,"vibhorag101/llama-2-13b-chat-hf-phr_mental_therapy",0.00053000000000003
360,"vibhorag101/llama-2-7b-chat-hf-phr_mental_health-2048",0.000300000000000022
361,"nnethercott/llava-v1.5-7b-hf-vicuna",0.000259999999999982
362,"huangyt/Mistral-7B-v0.1-Open-Platypus_2.5w-r16-gate_up_down",-8.9999999999979e-05
363,"HuggingFaceH4/starchat-beta",0.000230000000000008
364,"HWERI/pythia-70m-deduped-cleansharegpt-en",-0.00107000000000002
365,"HWERI/pythia-1.4b-deduped-sharegpt",0.000140000000000029
366,"Charlie911/vicuna-7b-v1.5-general-temporal-merged",0.000259999999999982
367,"Charlie911/vicuna-7b-v1.5-lora-timedial-unit-080091",0.000230000000000008
368,"Charlie911/vicuna-7b-v1.5-lora-temporal-sharegpt",0.000219999999999998
369,"Charlie911/vicuna-MultiLoRA-sharegpt-mmlu-drop-ffn-1.0general",0.000219999999999998
370,"blueapple8259/TinyStories-Alpaca",-0.000620000000000009
371,"speechlessai/speechless-codellama-dolphin-orca-platypus-13b",0.000410000000000021
372,"BEE-spoke-data/Mixtral-GQA-400m-v2",-0.00114999999999998
373,"BEE-spoke-data/smol_llama-220M-open_instruct",-0.00109999999999999
374,"BEE-spoke-data/verysmol_llama-v11-KIx2",-0.00113000000000002
375,"BEE-spoke-data/zephyr-220m-sft-full",-0.00105
376,"BEE-spoke-data/smol_llama-101M-GQA",-0.00113000000000002
377,"BEE-spoke-data/smol_llama-81M-tied",-0.00111
378,"Henk717/airochronos-33B",-3.99999999999845e-05
379,"SanjiWatsuki/openchat-3.5-1210-starling-slerp",-8.9999999999979e-05
380,"SanjiWatsuki/neural-chat-7b-v3-3-wizardmath-dare-me",0.000209999999999988
381,"klosax/pythia-160m-deduped-step92k-193bt",-0.001
382,"vihangd/dopeyshearedplats-2.7b-v1",0.000410000000000021
383,"vihangd/dopeyshearedplats-1.3b-v1",5e-04
384,"WhoTookMyAmogusNickname/NewHope_HF_not_official",0
385,"Walmart-the-bag/Yi-6B-Infinity-Chat",0.000219999999999998
386,"upstage/llama-65b-instruct",-6.00000000000045e-05
387,"charlesdedampierre/TopicNeuralHermes-2.5-Mistral-7B",-0.000109999999999999
388,"elliotthwang/Elliott-Chinese-LLaMa-GPTQ-V1.0",0.000240000000000018
389,"elliotthwang/Elliott-Chinese-LLaMa-GPTQ-V2.0",0.000240000000000018
390,"pharaouk/fusedyi",0.000329999999999997
391,"fierysurf/Kan-LLaMA-7B-SFT-v0.1-sharded",0.000390000000000001
392,"fierysurf/Ambari-7B-Instruct-v0.1-sharded",0.000300000000000022
393,"ContextualAI/archangel_sft-kto_llama13b",6.00000000000045e-05
394,"64bits/LexPodLM-13B",0.000120000000000009
395,"hon9kon9ize/CantoneseLLM-6B-preview202402",0.000219999999999998
396,"KoboldAI/OPT-2.7B-Nerybus-Mix",0.000329999999999997
397,"KoboldAI/fairseq-dense-125M",-0.000879999999999992
398,"SicariusSicariiStuff/Tenebra_30B_Alpha01_FP16",1.000000000001e-05
399,"FabbriSimo01/Facebook_opt_1.3b_Quantized",0.000159999999999993
400,"AtAndDev/ShortKingv0.1",0.000159999999999993
401,"AtAndDev/Ogno-Monarch-Neurotic-9B-Passthrough",0.000850000000000017
402,"UCLA-AGI/zephyr-7b-sft-full-spin-iter1",-2.000000000002e-05
403,"CausalLM/72B-preview-llamafied-qwen-llamafy",4.99999999999945e-05
404,"alibidaran/medical_transcription_generator",-0.000689999999999968
405,"PracticeLLM/SOLAR-tail-10.7B-Merge-v1.0",-0.000109999999999999
406,"beaugogh/Llama2-7b-openorca-mc-v2-dpo",0.000170000000000003
407,"FPHam/Sydney_Overthinker_13b_HF",0.000149999999999983
408,"gaodrew/OpenOrca-Platypus2-13B-thera-1250",0.000120000000000009
409,"gaodrew/gaodrew-llama-30b-instruct-2048-Open-Platypus-100steps",-2.99999999999745e-05
410,"Test157t/Kunocchini-1.2-7b-longtext",-6.00000000000045e-05
411,"HuggingFaceTB/cosmo-1b",0.000230000000000008
412,"fangloveskari/Platypus_QLoRA_LLaMA_70b",-0.000109999999999999
413,"uukuguy/speechless-mistral-dolphin-orca-platypus-samantha-7b",-4.99999999999945e-05
414,"uukuguy/speechless-coding-7b-16k-tora",0.000460000000000016
415,"uukuguy/speechless-codellama-34b-v2.0",0.000259999999999982
416,"uukuguy/speechless-codellama-dolphin-orca-platypus-34b",0.000300000000000022
417,"uukuguy/CollectiveCognition-v1.1-Mistral-7B-dare-0.85",-7.9999999999969e-05
418,"uukuguy/speechless-llama2-hermes-orca-platypus-wizardlm-13b",6.00000000000045e-05
419,"uukuguy/speechless-orca-platypus-coig-lite-4k-0.5e-13b",8.9999999999979e-05
420,"uukuguy/speechless-mistral-hermes-code-7b",0.000109999999999999
421,"uukuguy/speechless-coder-ds-6.7b",0.000230000000000008
422,"roneneldan/TinyStories-3M",-0.000409999999999966
423,"roneneldan/TinyStories-8M",-0.000529999999999975
424,"roneneldan/TinyStories-1M",-0.000450000000000006
425,"roneneldan/TinyStories-28M",-0.00048999999999999
426,"martyn/mixtral-megamerge-dare-8x7b-v2",1.000000000001e-05
427,"martyn/solar-megamerge-dare-10.7b-v1",-0.000120000000000009
428,"cmarkea/bloomz-7b1-mt-sft-chat",0.000379999999999991
429,"cmarkea/bloomz-3b-sft-chat",0.000159999999999993
430,"ethzanalytics/pythia-31m",-0.00103999999999999
431,"euclaise/gpt-neox-122m-minipile-digits",-0.00112000000000001
432,"NobodyExistsOnTheInternet/GiftedConvo13bLoraNoEcons",3.99999999999845e-05
433,"NobodyExistsOnTheInternet/clown-SUV-4x70b",-0.000309999999999977
434,"giraffe176/Open_Maid_Samantha_Hermes_Orca_dare_tiesv0.1",-0.000159999999999993
435,"jlevin/guanaco-unchained-llama-2-7b",0.000549999999999995
436,"lilloukas/Platypus-30B",-4.99999999999945e-05
437,"Dampish/StellarX-4B-V0",0.000350000000000017
438,"222gate/TinyMistral-248Mx4-MOE",-0.000340000000000007
439,"sarvamai/OpenHathi-7B-Hi-v0.1-Base",0.000280000000000002
440,"quantumaikr/llama-2-70b-fb16-orca-chat-10k",-0.000109999999999999
441,"AIChenKai/TinyLlama-1.1B-Chat-v1.0-x2-MoE",0.000329999999999997
442,"TomGrc/FusionNet_passthrough",0.000109999999999999
443,"TomGrc/FusionNet_SOLAR",-2.99999999999745e-05
444,"ddyuudd/dolly-v2-3b",0.000460000000000016
445,"RWKV/rwkv-4-430m-pile",-0.000570000000000015
446,"RWKV/rwkv-4-169m-pile",-0.000979999999999981
447,"google/gemma-7b-it",5e-04
448,"ewqr2130/alignment-handbook-zephyr-7b_ppostep_100",-0.000350000000000017
449,"alexredna/Tukan-1.1B-Chat-reasoning-sft-COLA",0.000290000000000012
450,"jingyeom/KoSoLAR-10.7B-v0.2_1.4_dedup",0.000230000000000008
451,"jingyeom/SOLAR_KO_1.3_deup",0.000159999999999993
452,"StudentLLM/Alpagasus-2-13B-QLoRA-pipeline",3.99999999999845e-05
453,"LLMs/WizardLM-30B-V1.0",3.000000000003e-05
454,"keyfan/vicuna-chinese-replication-v1.1",0.000400000000000011
455,"cloudyu/60B_MoE_Coder_v3",-8.9999999999979e-05
456,"cloudyu/Mixtral_7Bx5_MoE_30B",-0.000149999999999983
457,"cloudyu/19B_TRUTH_DPO",-3.99999999999845e-05
458,"cloudyu/Truthful_DPO_cloudyu_Mixtral_34Bx2_MoE_60B",-9.9999999999989e-05
459,"AI-Sweden-Models/gpt-sw3-1.3b",-2.99999999999745e-05
460,"AI-Sweden-Models/gpt-sw3-126m-instruct",-0.00102000000000002
461,"AI-Sweden-Models/gpt-sw3-40b",0.000340000000000007
462,"AI-Sweden-Models/gpt-sw3-356m",-0.000719999999999998
463,"AI-Sweden-Models/gpt-sw3-20b-instruct",0.000410000000000021
464,"Technoculture/Medorca-2x7b",0.000329999999999997
465,"Technoculture/Medorca-4x7b",-0.000319999999999987
466,"TheTravellingEngineer/bloom-560m-RLHF-v2",-0.000609999999999999
467,"cognitivecomputations/TinyDolphin-2.8.2-1.1b-laser",0.000319999999999987
468,"cognitivecomputations/yayi2-30b-llama",0.000700000000000034
469,"cognitivecomputations/MegaDolphin-120b",-3.99999999999845e-05
470,"cognitivecomputations/dolphin-2.8-experiment26-7b-preview",-7.9999999999969e-05
471,"cognitivecomputations/dolphin-2.2.1-mistral-7b",-0.000120000000000009
472,"maywell/TinyWand-DPO",7.00000000000145e-05
473,"Ba2han/HermesStar-OrcaWind-Synth-11B",-7.9999999999969e-05
474,"Ba2han/Tinypus-1.5B",0.000230000000000008
475,"glenn2/gemma-7b-lora-distilabel-intel-orca-dpo-pairs",0.000360000000000027
476,"fzzhang/Marcoroni-neural-chat-7B-v2_gsm8k_merged_s",-0.000109999999999999
477,"instructkr/ko-wand-136M",-0.000740000000000018
478,"TinyLlama/TinyLlama-1.1B-intermediate-step-1195k-token-2.5T",0.000280000000000002
479,"inswave/AISquare-Instruct-llama2-koen-13b-v0.9.24",3.99999999999845e-05
480,"diffnamehard/Psyfighter2-Noromaid-ties-Capybara-13B",-6.00000000000045e-05
481,"diffnamehard/Mistral-CatMacaroni-slerp-uncensored",-0.000130000000000019
482,"rombodawg/Everyone-Coder-33b-Base",0.000549999999999995
483,"rombodawg/LosslessMegaCoder-llama2-7b-mini",0.000180000000000013
484,"JosephusCheung/LL7M",0.000410000000000021
485,"aloobun/Cypher-Mixtral-2x1.8B-v0.1",0.000400000000000011
486,"cyberagent/calm2-7b-chat",0.000420000000000031
487,"pinkyponky/SOLAR-10.7B-dpo-instruct-tuned-v0.1",-9.9999999999989e-05
488,"shuvom/yuj-v1",0.000429999999999986
489,"vilm/Mixsmol-4x400M-v0.1-epoch1",-0.00105
490,"Ejafa/vicuna_7B_vanilla_1.1",0.000240000000000018
491,"openBuddy/openbuddy-llama2-34b-v11.1-bf16",0.000420000000000031
492,"SJ-Donald/SJ-SOLAR-10.7b-DPO",-0.000120000000000009
493,"bigcode/starcoderbase-1b",-0.000790000000000013
494,"bigcode/gpt_bigcode-santacoder",-0.000809999999999977
495,"splm/zephyr-7b-sft-full-spin-peft-iter2",3.000000000003e-05
496,"matsuo-lab/weblab-10b-instruction-sft",0.000390000000000001
497,"s3nh/nsfw-noromaid-mistral-instruct",0.000340000000000007
498,"Changgil/K2S3-Llama2-13b-v1.0",0.000230000000000008
499,"Changgil/k2s3_test_24001",6.00000000000045e-05
500,"Changgil/K2S3-SOLAR-11b-v1.0",0.000109999999999999
501,"mzio/hedgehog-mistral_7b-alpaca_clean-smd_lora_1e_3",-0.000539999999999985
502,"mzio/hedgehog-alpaca_clean_mistral-mistral_7b_lk_esn_tqk_lora-lk_untied_head-lsc_1",-0.000719999999999998
503,"alnrg2arg/blockchainlabs_tinyllama_fusion_LHK_yunkong_v2",0.00047999999999998
504,"alnrg2arg/blockchainlabs_7B_merged_test2_4_prune",0.000269999999999992
505,"yanolja/EEVE-Korean-2.8B-v1.0",0.000400000000000011
506,"yanolja/EEVE-Korean-Instruct-10.8B-v1.0",-7.00000000000145e-05
507,"cerebras/Cerebras-GPT-111M",-0.00119999999999998
508,"xaviviro/FLOR-6.3B-xat",0.000400000000000011
509,"xaviviro/OpenHermes-2.5-FLOR-6.3B",0.000369999999999981
510,"Plaban81/Moe-4x7b-math-reason-code",-7.00000000000145e-05
511,"Felladrin/Llama-68M-Chat-v1",-0.00107999999999997
512,"Felladrin/Minueza-32M-Chat",-0.00107999999999997
513,"ziqingyang/chinese-llama-2-7b",0.000420000000000031
514,"MBZUAI/lamini-cerebras-256m",-0.00112000000000001
515,"MBZUAI/LaMini-GPT-1.5B",-7.9999999999969e-05
516,"PygmalionAI/pygmalion-350m",-0.000549999999999995
517,"PygmalionAI/metharme-1.3b",0.000200000000000033
518,"MaziyarPanahi/UNA-34Beagles-32K-bf16-v1-GPTQ",-0.000199999999999978
519,"WebraftAI/synapsellm-7b-mistral-v0.4-preview2",0.000280000000000002
520,"budecosystem/code-millenials-34b",0.000319999999999987
521,"yeontaek/Platypus2xOpenOrca-13B-LoRa-v2",9.9999999999989e-05
522,"ewof/koishi-instruct-3b",0.000369999999999981
523,"YeungNLP/firefly-llama2-13b-pretrain",0.000149999999999983
524,"YeungNLP/firefly-qwen1.5-en-7b-dpo-v0.1",0.000300000000000022
525,"TFLai/MythoMix-Platypus2-13B-QLoRA-0.80-epoch",6.00000000000045e-05
526,"TFLai/pythia-2.8b-4bit-alpaca",0.000290000000000012
527,"TFLai/Platypus2-13B-QLoRA-0.80-epoch",3.99999999999845e-05
528,"openlm-research/open_llama_3b_v2",0.000340000000000007
529,"nextai-team/Moe-3x7b-QA-Code-Inst",-9.9999999999989e-05
530,"zyh3826/20231206094523-pretrain-Llama-2-13b-hf-76000",8.00000000000245e-05
531,"zyh3826/llama2-13b-ft-openllm-leaderboard-v1",3.99999999999845e-05
532,"Lajonbot/Llama-2-13b-hf-instruct-pl-lora_unload",0
533,"abdulrahman-nuzha/finetuned-llama2-chat-5000-v1.0-squad",0.000240000000000018
534,"abdulrahman-nuzha/belal-finetuned-llama2-v1.0",0.000170000000000003
535,"abdulrahman-nuzha/finetuned-Mistral-7B-Instruct-v0.2-5000-v2.0",-2.99999999999745e-05
536,"Mihaiii/dolphin-2.6-mistral-7b-dpo-5.93B",0.000410000000000021
537,"Mihaiii/Pallas-0.5-frankenmerge",0.000290000000000012
538,"yam-peleg/Experiment1-7B",-9.9999999999989e-05
539,"snorkelai/Snorkel-Mistral-PairRM-DPO",-3.99999999999845e-05
540,"TencentARC/LLaMA-Pro-8B",0.000149999999999983
541,"hyunjae/polyglot-ko-3.8b-total",-0.000409999999999966
542,"RESMPDEV/Gemma-Wukong-2b",0.000439999999999996
543,"RESMPDEV/Qwen1.5-Wukong-0.5B",1.000000000001e-05
544,"Korabbit/Llama-2-7b-chat-hf-afr-100step-flan-v2",0.000190000000000023
545,"bhenrym14/airoboros-33b-gpt4-1.4.1-lxctx-PI-16384-fp16",-8.9999999999979e-05
546,"jarradh/llama2_70b_chat_uncensored",-9.9999999999989e-05
547,"jisukim8873/falcon-7B-case-0",0.000200000000000033
548,"Sao10K/Stheno-Mix-L2-20B",0.000250000000000028
549,"Sao10K/Mythical-Destroyer-V2-L2-13B",0.000159999999999993
550,"Sao10K/WinterGoddess-1.4x-70B-L2",-0.000149999999999983
551,"DevaMalla/llama-base-7b",0.000180000000000013
552,"42dot/42dot_LLM-PLM-1.3B",0.000190000000000023
553,"aisquared/dlite-v2-355m",-0.00046999999999997
554,"aisquared/dlite-v2-1_5b",0.000230000000000008
555,"aisquared/dlite-v1-124m",-0.00101000000000001
556,"Syed-Hasan-8503/openhermes-gemma-2b-it",0.000450000000000006
557,"ahxt/LiteLlama-460M-1T",-0.000680000000000014
558,"sethuiyer/Dr_Samantha_7b_mistral",-6.00000000000045e-05
559,"ycros/BagelMIsteryTour-v2-8x7B",-0.000120000000000009
560,"Pirr/pythia-13b-deduped-green_devil",0.000379999999999991
561,"chickencaesar/llama2-platypus-llama2-chat-13B-hf",3.000000000003e-05
562,"arlineka/Brunhilde-2x7b-MOE-DPO-v.01.5",-0.000139999999999973
563,"Envoid/Libra-19B",6.00000000000045e-05
564,"INSAIT-Institute/BgGPT-7B-Instruct-v0.1",4.99999999999945e-05
565,"Deci/DeciLM-7B-instruct",0
566,"TehVenom/PPO_Shygmalion-6b",0.000379999999999991
567,"TehVenom/GPT-J-Pyg_PPO-6B-Dev-V8p4",0.000390000000000001
568,"TehVenom/oasst-sft-6-llama-33b-xor-MERGED-16bit",0
569,"TehVenom/DiffMerge-DollyGPT-Pygmalion",-0.000570000000000015
570,"jae24/openhermes_dpo_norobot_0201",-1.000000000001e-05
571,"Deathsquad10/TinyLlama-repeat",0.000310000000000032
572,"habanoz/tinyllama-oasst1-top1-instruct-full-lr1-5-v0.1",0.000310000000000032
573,"perlthoughts/openchat-3.5-1210-32k",0
574,"perlthoughts/Starling-LM-alpha-8x7B-MoE",-7.00000000000145e-05
575,"kingbri/chronolima-airo-grad-l2-13B",1.000000000001e-05
576,"eldogbbhed/NeuralMonarchCoderPearlBeagle",-0.000149999999999983
577,"mayacinka/chatty-djinn-14B",3.000000000003e-05
578,"chinoll/Yi-7b-dpo",0.000319999999999987
579,"LordNoah/Alpaca_spin_gpt2_e1_se0",-0.000230000000000008
580,"LordNoah/latent_gpt2_medium_alpaca_e3",-0.000409999999999966
581,"qiyinmiss/My_GPT2",-0.00107000000000002
582,"llmixer/BigWeave-v6-90b",-8.9999999999979e-05
583,"llmixer/BigWeave-v15-103b",-3.99999999999845e-05
584,"heegyu/WizardVicuna-open-llama-3b-v2",0.000410000000000021
585,"heegyu/RedTulu-Uncensored-3B-0719",0.000400000000000011
586,"openbmb/MiniCPM-2B-dpo-bf16-llama-format",-0.000259999999999982
587,"augmxnt/shisa-7b-v1",0.000180000000000013
588,"DrNicefellow/ChatAllInOne-Yi-34B-200K-V1",-9.9999999999989e-05
589,"openthaigpt/openthaigpt-1.0.0-beta-7b-chat-ckpt-hf",0.000420000000000031
590,"openthaigpt/openthaigpt-1.0.0-beta-13b-chat-hf",0.000280000000000002
591,"Undi95/Clover3-17B",6.00000000000045e-05
